lock_key	name	version	is_direct_name	owner_count	owners	owner_groups	action
@esbuild/aix-ppc64@0.27.7	@esbuild/aix-ppc64	0.27.7	false	2	tsx,vitest	dev	removed-with-js-toolchain
@esbuild/android-arm64@0.27.7	@esbuild/android-arm64	0.27.7	false	2	tsx,vitest	dev	removed-with-js-toolchain
@esbuild/android-arm@0.27.7	@esbuild/android-arm	0.27.7	false	2	tsx,vitest	dev	removed-with-js-toolchain
@esbuild/android-x64@0.27.7	@esbuild/android-x64	0.27.7	false	2	tsx,vitest	dev	removed-with-js-toolchain
@esbuild/darwin-arm64@0.27.7	@esbuild/darwin-arm64	0.27.7	false	2	tsx,vitest	dev	removed-with-js-toolchain
@esbuild/darwin-x64@0.27.7	@esbuild/darwin-x64	0.27.7	false	2	tsx,vitest	dev	removed-with-js-toolchain
@esbuild/freebsd-arm64@0.27.7	@esbuild/freebsd-arm64	0.27.7	false	2	tsx,vitest	dev	removed-with-js-toolchain
@esbuild/freebsd-x64@0.27.7	@esbuild/freebsd-x64	0.27.7	false	2	tsx,vitest	dev	removed-with-js-toolchain
@esbuild/linux-arm64@0.27.7	@esbuild/linux-arm64	0.27.7	false	2	tsx,vitest	dev	removed-with-js-toolchain
@esbuild/linux-arm@0.27.7	@esbuild/linux-arm	0.27.7	false	2	tsx,vitest	dev	removed-with-js-toolchain
@esbuild/linux-ia32@0.27.7	@esbuild/linux-ia32	0.27.7	false	2	tsx,vitest	dev	removed-with-js-toolchain
@esbuild/linux-loong64@0.27.7	@esbuild/linux-loong64	0.27.7	false	2	tsx,vitest	dev	removed-with-js-toolchain
@esbuild/linux-mips64el@0.27.7	@esbuild/linux-mips64el	0.27.7	false	2	tsx,vitest	dev	removed-with-js-toolchain
@esbuild/linux-ppc64@0.27.7	@esbuild/linux-ppc64	0.27.7	false	2	tsx,vitest	dev	removed-with-js-toolchain
@esbuild/linux-riscv64@0.27.7	@esbuild/linux-riscv64	0.27.7	false	2	tsx,vitest	dev	removed-with-js-toolchain
@esbuild/linux-s390x@0.27.7	@esbuild/linux-s390x	0.27.7	false	2	tsx,vitest	dev	removed-with-js-toolchain
@esbuild/linux-x64@0.27.7	@esbuild/linux-x64	0.27.7	false	2	tsx,vitest	dev	removed-with-js-toolchain
@esbuild/netbsd-arm64@0.27.7	@esbuild/netbsd-arm64	0.27.7	false	2	tsx,vitest	dev	removed-with-js-toolchain
@esbuild/netbsd-x64@0.27.7	@esbuild/netbsd-x64	0.27.7	false	2	tsx,vitest	dev	removed-with-js-toolchain
@esbuild/openbsd-arm64@0.27.7	@esbuild/openbsd-arm64	0.27.7	false	2	tsx,vitest	dev	removed-with-js-toolchain
@esbuild/openbsd-x64@0.27.7	@esbuild/openbsd-x64	0.27.7	false	2	tsx,vitest	dev	removed-with-js-toolchain
@esbuild/openharmony-arm64@0.27.7	@esbuild/openharmony-arm64	0.27.7	false	2	tsx,vitest	dev	removed-with-js-toolchain
@esbuild/sunos-x64@0.27.7	@esbuild/sunos-x64	0.27.7	false	2	tsx,vitest	dev	removed-with-js-toolchain
@esbuild/win32-arm64@0.27.7	@esbuild/win32-arm64	0.27.7	false	2	tsx,vitest	dev	removed-with-js-toolchain
@esbuild/win32-ia32@0.27.7	@esbuild/win32-ia32	0.27.7	false	2	tsx,vitest	dev	removed-with-js-toolchain
@esbuild/win32-x64@0.27.7	@esbuild/win32-x64	0.27.7	false	2	tsx,vitest	dev	removed-with-js-toolchain
@hono/node-server@1.19.13(hono@4.12.12)	@hono/node-server	1.19.13(hono@4.12.12)	false	1	@modelcontextprotocol/sdk	runtime	replace-through-runtime-owner
@huggingface/jinja@0.5.6	@huggingface/jinja	0.5.6	false	1	node-llama-cpp	runtime	replace-through-runtime-owner
@isaacs/fs-minipass@4.0.1	@isaacs/fs-minipass	4.0.1	false	1	node-llama-cpp	runtime	replace-through-runtime-owner
@jridgewell/sourcemap-codec@1.5.5	@jridgewell/sourcemap-codec	1.5.5	false	1	vitest	dev	removed-with-js-toolchain
@kwsites/file-exists@1.1.1	@kwsites/file-exists	1.1.1	false	1	node-llama-cpp	runtime	replace-through-runtime-owner
@kwsites/promise-deferred@1.1.1	@kwsites/promise-deferred	1.1.1	false	1	node-llama-cpp	runtime	replace-through-runtime-owner
@modelcontextprotocol/sdk@1.29.0(zod@4.2.1)	@modelcontextprotocol/sdk	1.29.0(zod@4.2.1)	true	1	@modelcontextprotocol/sdk	runtime	covered-in-direct-plan
@node-llama-cpp/linux-arm64@3.18.1	@node-llama-cpp/linux-arm64	3.18.1	false	1	node-llama-cpp	runtime	replace-through-runtime-owner
@node-llama-cpp/linux-armv7l@3.18.1	@node-llama-cpp/linux-armv7l	3.18.1	false	1	node-llama-cpp	runtime	replace-through-runtime-owner
@node-llama-cpp/linux-x64-cuda-ext@3.18.1	@node-llama-cpp/linux-x64-cuda-ext	3.18.1	false	1	node-llama-cpp	runtime	replace-through-runtime-owner
@node-llama-cpp/linux-x64-cuda@3.18.1	@node-llama-cpp/linux-x64-cuda	3.18.1	false	1	node-llama-cpp	runtime	replace-through-runtime-owner
@node-llama-cpp/linux-x64-vulkan@3.18.1	@node-llama-cpp/linux-x64-vulkan	3.18.1	false	1	node-llama-cpp	runtime	replace-through-runtime-owner
@node-llama-cpp/linux-x64@3.18.1	@node-llama-cpp/linux-x64	3.18.1	false	1	node-llama-cpp	runtime	replace-through-runtime-owner
@node-llama-cpp/mac-arm64-metal@3.18.1	@node-llama-cpp/mac-arm64-metal	3.18.1	false	1	node-llama-cpp	runtime	replace-through-runtime-owner
@node-llama-cpp/mac-x64@3.18.1	@node-llama-cpp/mac-x64	3.18.1	false	1	node-llama-cpp	runtime	replace-through-runtime-owner
@node-llama-cpp/win-arm64@3.18.1	@node-llama-cpp/win-arm64	3.18.1	false	1	node-llama-cpp	runtime	replace-through-runtime-owner
@node-llama-cpp/win-x64-cuda-ext@3.18.1	@node-llama-cpp/win-x64-cuda-ext	3.18.1	false	1	node-llama-cpp	runtime	replace-through-runtime-owner
@node-llama-cpp/win-x64-cuda@3.18.1	@node-llama-cpp/win-x64-cuda	3.18.1	false	1	node-llama-cpp	runtime	replace-through-runtime-owner
@node-llama-cpp/win-x64-vulkan@3.18.1	@node-llama-cpp/win-x64-vulkan	3.18.1	false	1	node-llama-cpp	runtime	replace-through-runtime-owner
@node-llama-cpp/win-x64@3.18.1	@node-llama-cpp/win-x64	3.18.1	false	1	node-llama-cpp	runtime	replace-through-runtime-owner
@nodelib/fs.scandir@2.1.5	@nodelib/fs.scandir	2.1.5	false	1	fast-glob	runtime	replace-through-runtime-owner
@nodelib/fs.stat@2.0.5	@nodelib/fs.stat	2.0.5	false	1	fast-glob	runtime	replace-through-runtime-owner
@nodelib/fs.walk@1.2.8	@nodelib/fs.walk	1.2.8	false	1	fast-glob	runtime	replace-through-runtime-owner
@reflink/reflink-darwin-arm64@0.1.19	@reflink/reflink-darwin-arm64	0.1.19	false	1	node-llama-cpp	runtime	replace-through-runtime-owner
@reflink/reflink-darwin-x64@0.1.19	@reflink/reflink-darwin-x64	0.1.19	false	1	node-llama-cpp	runtime	replace-through-runtime-owner
@reflink/reflink-linux-arm64-gnu@0.1.19	@reflink/reflink-linux-arm64-gnu	0.1.19	false	1	node-llama-cpp	runtime	replace-through-runtime-owner
@reflink/reflink-linux-arm64-musl@0.1.19	@reflink/reflink-linux-arm64-musl	0.1.19	false	1	node-llama-cpp	runtime	replace-through-runtime-owner
@reflink/reflink-linux-x64-gnu@0.1.19	@reflink/reflink-linux-x64-gnu	0.1.19	false	1	node-llama-cpp	runtime	replace-through-runtime-owner
@reflink/reflink-linux-x64-musl@0.1.19	@reflink/reflink-linux-x64-musl	0.1.19	false	1	node-llama-cpp	runtime	replace-through-runtime-owner
@reflink/reflink-win32-arm64-msvc@0.1.19	@reflink/reflink-win32-arm64-msvc	0.1.19	false	1	node-llama-cpp	runtime	replace-through-runtime-owner
@reflink/reflink-win32-x64-msvc@0.1.19	@reflink/reflink-win32-x64-msvc	0.1.19	false	1	node-llama-cpp	runtime	replace-through-runtime-owner
@reflink/reflink@0.1.19	@reflink/reflink	0.1.19	false	1	node-llama-cpp	runtime	replace-through-runtime-owner
@rollup/rollup-android-arm-eabi@4.60.1	@rollup/rollup-android-arm-eabi	4.60.1	false	1	vitest	dev	removed-with-js-toolchain
@rollup/rollup-android-arm64@4.60.1	@rollup/rollup-android-arm64	4.60.1	false	1	vitest	dev	removed-with-js-toolchain
@rollup/rollup-darwin-arm64@4.60.1	@rollup/rollup-darwin-arm64	4.60.1	false	1	vitest	dev	removed-with-js-toolchain
@rollup/rollup-darwin-x64@4.60.1	@rollup/rollup-darwin-x64	4.60.1	false	1	vitest	dev	removed-with-js-toolchain
@rollup/rollup-freebsd-arm64@4.60.1	@rollup/rollup-freebsd-arm64	4.60.1	false	1	vitest	dev	removed-with-js-toolchain
@rollup/rollup-freebsd-x64@4.60.1	@rollup/rollup-freebsd-x64	4.60.1	false	1	vitest	dev	removed-with-js-toolchain
@rollup/rollup-linux-arm-gnueabihf@4.60.1	@rollup/rollup-linux-arm-gnueabihf	4.60.1	false	1	vitest	dev	removed-with-js-toolchain
@rollup/rollup-linux-arm-musleabihf@4.60.1	@rollup/rollup-linux-arm-musleabihf	4.60.1	false	1	vitest	dev	removed-with-js-toolchain
@rollup/rollup-linux-arm64-gnu@4.60.1	@rollup/rollup-linux-arm64-gnu	4.60.1	false	1	vitest	dev	removed-with-js-toolchain
@rollup/rollup-linux-arm64-musl@4.60.1	@rollup/rollup-linux-arm64-musl	4.60.1	false	1	vitest	dev	removed-with-js-toolchain
@rollup/rollup-linux-loong64-gnu@4.60.1	@rollup/rollup-linux-loong64-gnu	4.60.1	false	1	vitest	dev	removed-with-js-toolchain
@rollup/rollup-linux-loong64-musl@4.60.1	@rollup/rollup-linux-loong64-musl	4.60.1	false	1	vitest	dev	removed-with-js-toolchain
@rollup/rollup-linux-ppc64-gnu@4.60.1	@rollup/rollup-linux-ppc64-gnu	4.60.1	false	1	vitest	dev	removed-with-js-toolchain
@rollup/rollup-linux-ppc64-musl@4.60.1	@rollup/rollup-linux-ppc64-musl	4.60.1	false	1	vitest	dev	removed-with-js-toolchain
@rollup/rollup-linux-riscv64-gnu@4.60.1	@rollup/rollup-linux-riscv64-gnu	4.60.1	false	1	vitest	dev	removed-with-js-toolchain
@rollup/rollup-linux-riscv64-musl@4.60.1	@rollup/rollup-linux-riscv64-musl	4.60.1	false	1	vitest	dev	removed-with-js-toolchain
@rollup/rollup-linux-s390x-gnu@4.60.1	@rollup/rollup-linux-s390x-gnu	4.60.1	false	1	vitest	dev	removed-with-js-toolchain
@rollup/rollup-linux-x64-gnu@4.60.1	@rollup/rollup-linux-x64-gnu	4.60.1	false	1	vitest	dev	removed-with-js-toolchain
@rollup/rollup-linux-x64-musl@4.60.1	@rollup/rollup-linux-x64-musl	4.60.1	false	1	vitest	dev	removed-with-js-toolchain
@rollup/rollup-openbsd-x64@4.60.1	@rollup/rollup-openbsd-x64	4.60.1	false	1	vitest	dev	removed-with-js-toolchain
@rollup/rollup-openharmony-arm64@4.60.1	@rollup/rollup-openharmony-arm64	4.60.1	false	1	vitest	dev	removed-with-js-toolchain
@rollup/rollup-win32-arm64-msvc@4.60.1	@rollup/rollup-win32-arm64-msvc	4.60.1	false	1	vitest	dev	removed-with-js-toolchain
@rollup/rollup-win32-ia32-msvc@4.60.1	@rollup/rollup-win32-ia32-msvc	4.60.1	false	1	vitest	dev	removed-with-js-toolchain
@rollup/rollup-win32-x64-gnu@4.60.1	@rollup/rollup-win32-x64-gnu	4.60.1	false	1	vitest	dev	removed-with-js-toolchain
@rollup/rollup-win32-x64-msvc@4.60.1	@rollup/rollup-win32-x64-msvc	4.60.1	false	1	vitest	dev	removed-with-js-toolchain
@tinyhttp/content-disposition@2.2.4	@tinyhttp/content-disposition	2.2.4	false	1	node-llama-cpp	runtime	replace-through-runtime-owner
@types/better-sqlite3@7.6.13	@types/better-sqlite3	7.6.13	true	1	@types/better-sqlite3	dev	covered-in-direct-plan
@types/chai@5.2.3	@types/chai	5.2.3	false	1	vitest	dev	removed-with-js-toolchain
@types/deep-eql@4.0.2	@types/deep-eql	4.0.2	false	1	vitest	dev	removed-with-js-toolchain
@types/estree@1.0.8	@types/estree	1.0.8	false	1	vitest	dev	removed-with-js-toolchain
@types/node@25.5.2	@types/node	25.5.2	false	2	@types/better-sqlite3,vitest	dev	removed-with-js-toolchain
@vitest/expect@3.2.4	@vitest/expect	3.2.4	false	1	vitest	dev	removed-with-js-toolchain
@vitest/mocker@3.2.4(vite@7.3.2(@types/node@25.5.2)(tsx@4.21.0)(yaml@2.9.0))	@vitest/mocker	3.2.4(vite@7.3.2(@types/node@25.5.2)(tsx@4.21.0)(yaml@2.9.0))	false	1	vitest	dev	removed-with-js-toolchain
@vitest/pretty-format@3.2.4	@vitest/pretty-format	3.2.4	false	1	vitest	dev	removed-with-js-toolchain
@vitest/runner@3.2.4	@vitest/runner	3.2.4	false	1	vitest	dev	removed-with-js-toolchain
@vitest/snapshot@3.2.4	@vitest/snapshot	3.2.4	false	1	vitest	dev	removed-with-js-toolchain
@vitest/spy@3.2.4	@vitest/spy	3.2.4	false	1	vitest	dev	removed-with-js-toolchain
@vitest/utils@3.2.4	@vitest/utils	3.2.4	false	1	vitest	dev	removed-with-js-toolchain
accepts@2.0.0	accepts	2.0.0	false	1	@modelcontextprotocol/sdk	runtime	replace-through-runtime-owner
ajv-formats@3.0.1(ajv@8.18.0)	ajv-formats	3.0.1(ajv@8.18.0)	false	1	@modelcontextprotocol/sdk	runtime	replace-through-runtime-owner
ajv@8.18.0	ajv	8.18.0	false	1	@modelcontextprotocol/sdk	runtime	replace-through-runtime-owner
ansi-escapes@6.2.1	ansi-escapes	6.2.1	false	1	node-llama-cpp	runtime	replace-through-runtime-owner
ansi-regex@5.0.1	ansi-regex	5.0.1	false	1	node-llama-cpp	runtime	replace-through-runtime-owner
ansi-regex@6.2.2	ansi-regex	6.2.2	false	1	node-llama-cpp	runtime	replace-through-runtime-owner
ansi-styles@4.3.0	ansi-styles	4.3.0	false	1	node-llama-cpp	runtime	replace-through-runtime-owner
ansi-styles@6.2.3	ansi-styles	6.2.3	false	1	node-llama-cpp	runtime	replace-through-runtime-owner
assertion-error@2.0.1	assertion-error	2.0.1	false	1	vitest	dev	removed-with-js-toolchain
async-retry@1.3.3	async-retry	1.3.3	false	1	node-llama-cpp	runtime	replace-through-runtime-owner
base64-js@1.5.1	base64-js	1.5.1	false	1	better-sqlite3	runtime	replace-through-runtime-owner
better-sqlite3@12.10.0	better-sqlite3	12.10.0	true	1	better-sqlite3	runtime	covered-in-direct-plan
bindings@1.5.0	bindings	1.5.0	false	1	better-sqlite3	runtime	replace-through-runtime-owner
bl@4.1.0	bl	4.1.0	false	1	better-sqlite3	runtime	replace-through-runtime-owner
body-parser@2.2.2	body-parser	2.2.2	false	1	@modelcontextprotocol/sdk	runtime	replace-through-runtime-owner
braces@3.0.3	braces	3.0.3	false	1	fast-glob	runtime	replace-through-runtime-owner
buffer@5.7.1	buffer	5.7.1	false	1	better-sqlite3	runtime	replace-through-runtime-owner
bytes@3.1.2	bytes	3.1.2	false	2	@modelcontextprotocol/sdk,node-llama-cpp	runtime	replace-through-runtime-owner
cac@6.7.14	cac	6.7.14	false	1	vitest	dev	removed-with-js-toolchain
call-bind-apply-helpers@1.0.2	call-bind-apply-helpers	1.0.2	false	1	@modelcontextprotocol/sdk	runtime	replace-through-runtime-owner
call-bound@1.0.4	call-bound	1.0.4	false	1	@modelcontextprotocol/sdk	runtime	replace-through-runtime-owner
chai@5.3.3	chai	5.3.3	false	1	vitest	dev	removed-with-js-toolchain
chalk@5.6.2	chalk	5.6.2	false	1	node-llama-cpp	runtime	replace-through-runtime-owner
check-error@2.1.3	check-error	2.1.3	false	1	vitest	dev	removed-with-js-toolchain
chmodrp@1.0.2	chmodrp	1.0.2	false	1	node-llama-cpp	runtime	replace-through-runtime-owner
chownr@1.1.4	chownr	1.1.4	false	1	better-sqlite3	runtime	replace-through-runtime-owner
chownr@3.0.0	chownr	3.0.0	false	1	node-llama-cpp	runtime	replace-through-runtime-owner
ci-info@4.4.0	ci-info	4.4.0	false	1	node-llama-cpp	runtime	replace-through-runtime-owner
cli-cursor@5.0.0	cli-cursor	5.0.0	false	1	node-llama-cpp	runtime	replace-through-runtime-owner
cli-spinners@2.9.2	cli-spinners	2.9.2	false	1	node-llama-cpp	runtime	replace-through-runtime-owner
cli-spinners@3.4.0	cli-spinners	3.4.0	false	1	node-llama-cpp	runtime	replace-through-runtime-owner
cliui@8.0.1	cliui	8.0.1	false	1	node-llama-cpp	runtime	replace-through-runtime-owner
cmake-js@8.0.0	cmake-js	8.0.0	false	1	node-llama-cpp	runtime	replace-through-runtime-owner
color-convert@2.0.1	color-convert	2.0.1	false	1	node-llama-cpp	runtime	replace-through-runtime-owner
color-name@1.1.4	color-name	1.1.4	false	1	node-llama-cpp	runtime	replace-through-runtime-owner
commander@10.0.1	commander	10.0.1	false	1	node-llama-cpp	runtime	replace-through-runtime-owner
content-disposition@1.0.1	content-disposition	1.0.1	false	1	@modelcontextprotocol/sdk	runtime	replace-through-runtime-owner
content-type@1.0.5	content-type	1.0.5	false	1	@modelcontextprotocol/sdk	runtime	replace-through-runtime-owner
cookie-signature@1.2.2	cookie-signature	1.2.2	false	1	@modelcontextprotocol/sdk	runtime	replace-through-runtime-owner
cookie@0.7.2	cookie	0.7.2	false	1	@modelcontextprotocol/sdk	runtime	replace-through-runtime-owner
cors@2.8.6	cors	2.8.6	false	1	@modelcontextprotocol/sdk	runtime	replace-through-runtime-owner
cross-spawn@7.0.6	cross-spawn	7.0.6	false	2	@modelcontextprotocol/sdk,node-llama-cpp	runtime	replace-through-runtime-owner
debug@4.4.3	debug	4.4.3	false	3	@modelcontextprotocol/sdk,node-llama-cpp,vitest	dev,runtime	split-runtime-and-tooling
decompress-response@6.0.0	decompress-response	6.0.0	false	1	better-sqlite3	runtime	replace-through-runtime-owner
deep-eql@5.0.2	deep-eql	5.0.2	false	1	vitest	dev	removed-with-js-toolchain
deep-extend@0.6.0	deep-extend	0.6.0	false	2	better-sqlite3,node-llama-cpp	runtime	replace-through-runtime-owner
depd@2.0.0	depd	2.0.0	false	1	@modelcontextprotocol/sdk	runtime	replace-through-runtime-owner
detect-libc@2.1.2	detect-libc	2.1.2	false	1	better-sqlite3	runtime	replace-through-runtime-owner
dunder-proto@1.0.1	dunder-proto	1.0.1	false	1	@modelcontextprotocol/sdk	runtime	replace-through-runtime-owner
ee-first@1.1.1	ee-first	1.1.1	false	1	@modelcontextprotocol/sdk	runtime	replace-through-runtime-owner
emoji-regex@10.6.0	emoji-regex	10.6.0	false	1	node-llama-cpp	runtime	replace-through-runtime-owner
emoji-regex@8.0.0	emoji-regex	8.0.0	false	1	node-llama-cpp	runtime	replace-through-runtime-owner
encodeurl@2.0.0	encodeurl	2.0.0	false	1	@modelcontextprotocol/sdk	runtime	replace-through-runtime-owner
end-of-stream@1.4.5	end-of-stream	1.4.5	false	1	better-sqlite3	runtime	replace-through-runtime-owner
env-var@7.5.0	env-var	7.5.0	false	1	node-llama-cpp	runtime	replace-through-runtime-owner
es-define-property@1.0.1	es-define-property	1.0.1	false	1	@modelcontextprotocol/sdk	runtime	replace-through-runtime-owner
es-errors@1.3.0	es-errors	1.3.0	false	1	@modelcontextprotocol/sdk	runtime	replace-through-runtime-owner
es-module-lexer@1.7.0	es-module-lexer	1.7.0	false	1	vitest	dev	removed-with-js-toolchain
es-object-atoms@1.1.1	es-object-atoms	1.1.1	false	1	@modelcontextprotocol/sdk	runtime	replace-through-runtime-owner
esbuild@0.27.7	esbuild	0.27.7	false	2	tsx,vitest	dev	removed-with-js-toolchain
escalade@3.2.0	escalade	3.2.0	false	1	node-llama-cpp	runtime	replace-through-runtime-owner
escape-html@1.0.3	escape-html	1.0.3	false	1	@modelcontextprotocol/sdk	runtime	replace-through-runtime-owner
estree-walker@3.0.3	estree-walker	3.0.3	false	1	vitest	dev	removed-with-js-toolchain
etag@1.8.1	etag	1.8.1	false	1	@modelcontextprotocol/sdk	runtime	replace-through-runtime-owner
eventemitter3@5.0.4	eventemitter3	5.0.4	false	1	node-llama-cpp	runtime	replace-through-runtime-owner
eventsource-parser@3.0.6	eventsource-parser	3.0.6	false	1	@modelcontextprotocol/sdk	runtime	replace-through-runtime-owner
eventsource@3.0.7	eventsource	3.0.7	false	1	@modelcontextprotocol/sdk	runtime	replace-through-runtime-owner
expand-template@2.0.3	expand-template	2.0.3	false	1	better-sqlite3	runtime	replace-through-runtime-owner
expect-type@1.3.0	expect-type	1.3.0	false	1	vitest	dev	removed-with-js-toolchain
express-rate-limit@8.3.2(express@5.2.1)	express-rate-limit	8.3.2(express@5.2.1)	false	1	@modelcontextprotocol/sdk	runtime	replace-through-runtime-owner
express@5.2.1	express	5.2.1	false	1	@modelcontextprotocol/sdk	runtime	replace-through-runtime-owner
fast-deep-equal@3.1.3	fast-deep-equal	3.1.3	false	1	@modelcontextprotocol/sdk	runtime	replace-through-runtime-owner
fast-glob@3.3.3	fast-glob	3.3.3	true	1	fast-glob	runtime	covered-in-direct-plan
fast-uri@3.1.0	fast-uri	3.1.0	false	1	@modelcontextprotocol/sdk	runtime	replace-through-runtime-owner
fastq@1.20.1	fastq	1.20.1	false	1	fast-glob	runtime	replace-through-runtime-owner
fdir@6.5.0(picomatch@4.0.4)	fdir	6.5.0(picomatch@4.0.4)	false	1	vitest	dev	removed-with-js-toolchain
file-uri-to-path@1.0.0	file-uri-to-path	1.0.0	false	1	better-sqlite3	runtime	replace-through-runtime-owner
filename-reserved-regex@3.0.0	filename-reserved-regex	3.0.0	false	1	node-llama-cpp	runtime	replace-through-runtime-owner
filenamify@6.0.0	filenamify	6.0.0	false	1	node-llama-cpp	runtime	replace-through-runtime-owner
fill-range@7.1.1	fill-range	7.1.1	false	1	fast-glob	runtime	replace-through-runtime-owner
finalhandler@2.1.1	finalhandler	2.1.1	false	1	@modelcontextprotocol/sdk	runtime	replace-through-runtime-owner
forwarded@0.2.0	forwarded	0.2.0	false	1	@modelcontextprotocol/sdk	runtime	replace-through-runtime-owner
fresh@2.0.0	fresh	2.0.0	false	1	@modelcontextprotocol/sdk	runtime	replace-through-runtime-owner
fs-constants@1.0.0	fs-constants	1.0.0	false	1	better-sqlite3	runtime	replace-through-runtime-owner
fs-extra@11.3.4	fs-extra	11.3.4	false	1	node-llama-cpp	runtime	replace-through-runtime-owner
fsevents@2.3.3	fsevents	2.3.3	false	2	tsx,vitest	dev	removed-with-js-toolchain
function-bind@1.1.2	function-bind	1.1.2	false	1	@modelcontextprotocol/sdk	runtime	replace-through-runtime-owner
get-caller-file@2.0.5	get-caller-file	2.0.5	false	1	node-llama-cpp	runtime	replace-through-runtime-owner
get-east-asian-width@1.5.0	get-east-asian-width	1.5.0	false	1	node-llama-cpp	runtime	replace-through-runtime-owner
get-intrinsic@1.3.0	get-intrinsic	1.3.0	false	1	@modelcontextprotocol/sdk	runtime	replace-through-runtime-owner
get-proto@1.0.1	get-proto	1.0.1	false	1	@modelcontextprotocol/sdk	runtime	replace-through-runtime-owner
get-tsconfig@4.14.0	get-tsconfig	4.14.0	false	2	tsx,vitest	dev	removed-with-js-toolchain
github-from-package@0.0.0	github-from-package	0.0.0	false	1	better-sqlite3	runtime	replace-through-runtime-owner
glob-parent@5.1.2	glob-parent	5.1.2	false	1	fast-glob	runtime	replace-through-runtime-owner
gopd@1.2.0	gopd	1.2.0	false	1	@modelcontextprotocol/sdk	runtime	replace-through-runtime-owner
graceful-fs@4.2.11	graceful-fs	4.2.11	false	1	node-llama-cpp	runtime	replace-through-runtime-owner
has-symbols@1.1.0	has-symbols	1.1.0	false	1	@modelcontextprotocol/sdk	runtime	replace-through-runtime-owner
hasown@2.0.2	hasown	2.0.2	false	1	@modelcontextprotocol/sdk	runtime	replace-through-runtime-owner
hono@4.12.12	hono	4.12.12	false	1	@modelcontextprotocol/sdk	runtime	replace-through-runtime-owner
http-errors@2.0.1	http-errors	2.0.1	false	1	@modelcontextprotocol/sdk	runtime	replace-through-runtime-owner
iconv-lite@0.7.2	iconv-lite	0.7.2	false	1	@modelcontextprotocol/sdk	runtime	replace-through-runtime-owner
ieee754@1.2.1	ieee754	1.2.1	false	1	better-sqlite3	runtime	replace-through-runtime-owner
ignore@7.0.5	ignore	7.0.5	false	1	node-llama-cpp	runtime	replace-through-runtime-owner
inherits@2.0.4	inherits	2.0.4	false	2	@modelcontextprotocol/sdk,better-sqlite3	runtime	replace-through-runtime-owner
ini@1.3.8	ini	1.3.8	false	2	better-sqlite3,node-llama-cpp	runtime	replace-through-runtime-owner
ip-address@10.1.0	ip-address	10.1.0	false	1	@modelcontextprotocol/sdk	runtime	replace-through-runtime-owner
ipaddr.js@1.9.1	ipaddr.js	1.9.1	false	1	@modelcontextprotocol/sdk	runtime	replace-through-runtime-owner
ipull@3.9.5	ipull	3.9.5	false	1	node-llama-cpp	runtime	replace-through-runtime-owner
is-extglob@2.1.1	is-extglob	2.1.1	false	1	fast-glob	runtime	replace-through-runtime-owner
is-fullwidth-code-point@3.0.0	is-fullwidth-code-point	3.0.0	false	1	node-llama-cpp	runtime	replace-through-runtime-owner
is-fullwidth-code-point@5.1.0	is-fullwidth-code-point	5.1.0	false	1	node-llama-cpp	runtime	replace-through-runtime-owner
is-glob@4.0.3	is-glob	4.0.3	false	1	fast-glob	runtime	replace-through-runtime-owner
is-interactive@2.0.0	is-interactive	2.0.0	false	1	node-llama-cpp	runtime	replace-through-runtime-owner
is-number@7.0.0	is-number	7.0.0	false	1	fast-glob	runtime	replace-through-runtime-owner
is-promise@4.0.0	is-promise	4.0.0	false	1	@modelcontextprotocol/sdk	runtime	replace-through-runtime-owner
is-unicode-supported@2.1.0	is-unicode-supported	2.1.0	false	1	node-llama-cpp	runtime	replace-through-runtime-owner
isexe@2.0.0	isexe	2.0.0	false	2	@modelcontextprotocol/sdk,node-llama-cpp	runtime	replace-through-runtime-owner
isexe@4.0.0	isexe	4.0.0	false	1	node-llama-cpp	runtime	replace-through-runtime-owner
jose@6.2.2	jose	6.2.2	false	1	@modelcontextprotocol/sdk	runtime	replace-through-runtime-owner
js-tokens@9.0.1	js-tokens	9.0.1	false	1	vitest	dev	removed-with-js-toolchain
json-schema-traverse@1.0.0	json-schema-traverse	1.0.0	false	1	@modelcontextprotocol/sdk	runtime	replace-through-runtime-owner
json-schema-typed@8.0.2	json-schema-typed	8.0.2	false	1	@modelcontextprotocol/sdk	runtime	replace-through-runtime-owner
jsonfile@6.2.0	jsonfile	6.2.0	false	1	node-llama-cpp	runtime	replace-through-runtime-owner
lifecycle-utils@2.1.0	lifecycle-utils	2.1.0	false	1	node-llama-cpp	runtime	replace-through-runtime-owner
lifecycle-utils@3.1.1	lifecycle-utils	3.1.1	false	1	node-llama-cpp	runtime	replace-through-runtime-owner
lodash.debounce@4.0.8	lodash.debounce	4.0.8	false	1	node-llama-cpp	runtime	replace-through-runtime-owner
log-symbols@7.0.1	log-symbols	7.0.1	false	1	node-llama-cpp	runtime	replace-through-runtime-owner
loupe@3.2.1	loupe	3.2.1	false	1	vitest	dev	removed-with-js-toolchain
lowdb@7.0.1	lowdb	7.0.1	false	1	node-llama-cpp	runtime	replace-through-runtime-owner
magic-string@0.30.21	magic-string	0.30.21	false	1	vitest	dev	removed-with-js-toolchain
math-intrinsics@1.1.0	math-intrinsics	1.1.0	false	1	@modelcontextprotocol/sdk	runtime	replace-through-runtime-owner
media-typer@1.1.0	media-typer	1.1.0	false	1	@modelcontextprotocol/sdk	runtime	replace-through-runtime-owner
merge-descriptors@2.0.0	merge-descriptors	2.0.0	false	1	@modelcontextprotocol/sdk	runtime	replace-through-runtime-owner
merge2@1.4.1	merge2	1.4.1	false	1	fast-glob	runtime	replace-through-runtime-owner
micromatch@4.0.8	micromatch	4.0.8	false	1	fast-glob	runtime	replace-through-runtime-owner
mime-db@1.54.0	mime-db	1.54.0	false	1	@modelcontextprotocol/sdk	runtime	replace-through-runtime-owner
mime-types@3.0.2	mime-types	3.0.2	false	1	@modelcontextprotocol/sdk	runtime	replace-through-runtime-owner
mimic-function@5.0.1	mimic-function	5.0.1	false	1	node-llama-cpp	runtime	replace-through-runtime-owner
mimic-response@3.1.0	mimic-response	3.1.0	false	1	better-sqlite3	runtime	replace-through-runtime-owner
minimist@1.2.8	minimist	1.2.8	false	2	better-sqlite3,node-llama-cpp	runtime	replace-through-runtime-owner
minipass@7.1.3	minipass	7.1.3	false	1	node-llama-cpp	runtime	replace-through-runtime-owner
minizlib@3.1.0	minizlib	3.1.0	false	1	node-llama-cpp	runtime	replace-through-runtime-owner
mkdirp-classic@0.5.3	mkdirp-classic	0.5.3	false	1	better-sqlite3	runtime	replace-through-runtime-owner
ms@2.1.3	ms	2.1.3	false	3	@modelcontextprotocol/sdk,node-llama-cpp,vitest	dev,runtime	split-runtime-and-tooling
nanoid@3.3.11	nanoid	3.3.11	false	1	vitest	dev	removed-with-js-toolchain
nanoid@5.1.7	nanoid	5.1.7	false	1	node-llama-cpp	runtime	replace-through-runtime-owner
napi-build-utils@2.0.0	napi-build-utils	2.0.0	false	1	better-sqlite3	runtime	replace-through-runtime-owner
negotiator@1.0.0	negotiator	1.0.0	false	1	@modelcontextprotocol/sdk	runtime	replace-through-runtime-owner
node-abi@3.89.0	node-abi	3.89.0	false	1	better-sqlite3	runtime	replace-through-runtime-owner
node-addon-api@8.7.0	node-addon-api	8.7.0	false	5	node-llama-cpp,tree-sitter-go,tree-sitter-python,tree-sitter-rust,tree-sitter-typescript	runtime	replace-through-runtime-owner
node-api-headers@1.8.0	node-api-headers	1.8.0	false	1	node-llama-cpp	runtime	replace-through-runtime-owner
node-gyp-build@4.8.4	node-gyp-build	4.8.4	false	4	tree-sitter-go,tree-sitter-python,tree-sitter-rust,tree-sitter-typescript	runtime	replace-through-runtime-owner
node-llama-cpp@3.18.1(typescript@5.9.3)	node-llama-cpp	3.18.1(typescript@5.9.3)	true	1	node-llama-cpp	runtime	covered-in-direct-plan
object-assign@4.1.1	object-assign	4.1.1	false	1	@modelcontextprotocol/sdk	runtime	replace-through-runtime-owner
object-inspect@1.13.4	object-inspect	1.13.4	false	1	@modelcontextprotocol/sdk	runtime	replace-through-runtime-owner
on-finished@2.4.1	on-finished	2.4.1	false	1	@modelcontextprotocol/sdk	runtime	replace-through-runtime-owner
once@1.4.0	once	1.4.0	false	2	@modelcontextprotocol/sdk,better-sqlite3	runtime	replace-through-runtime-owner
onetime@7.0.0	onetime	7.0.0	false	1	node-llama-cpp	runtime	replace-through-runtime-owner
ora@9.3.0	ora	9.3.0	false	1	node-llama-cpp	runtime	replace-through-runtime-owner
parse-ms@3.0.0	parse-ms	3.0.0	false	1	node-llama-cpp	runtime	replace-through-runtime-owner
parse-ms@4.0.0	parse-ms	4.0.0	false	1	node-llama-cpp	runtime	replace-through-runtime-owner
parseurl@1.3.3	parseurl	1.3.3	false	1	@modelcontextprotocol/sdk	runtime	replace-through-runtime-owner
path-key@3.1.1	path-key	3.1.1	false	2	@modelcontextprotocol/sdk,node-llama-cpp	runtime	replace-through-runtime-owner
path-to-regexp@8.4.2	path-to-regexp	8.4.2	false	1	@modelcontextprotocol/sdk	runtime	replace-through-runtime-owner
pathe@2.0.3	pathe	2.0.3	false	1	vitest	dev	removed-with-js-toolchain
pathval@2.0.1	pathval	2.0.1	false	1	vitest	dev	removed-with-js-toolchain
picocolors@1.1.1	picocolors	1.1.1	false	1	vitest	dev	removed-with-js-toolchain
picomatch@2.3.2	picomatch	2.3.2	true	1	fast-glob	runtime	covered-in-direct-plan
picomatch@4.0.4	picomatch	4.0.4	true	2	picomatch,vitest	dev,runtime	covered-in-direct-plan
pkce-challenge@5.0.1	pkce-challenge	5.0.1	false	1	@modelcontextprotocol/sdk	runtime	replace-through-runtime-owner
postcss@8.5.8	postcss	8.5.8	false	1	vitest	dev	removed-with-js-toolchain
prebuild-install@7.1.3	prebuild-install	7.1.3	false	1	better-sqlite3	runtime	replace-through-runtime-owner
pretty-bytes@6.1.1	pretty-bytes	6.1.1	false	1	node-llama-cpp	runtime	replace-through-runtime-owner
pretty-ms@8.0.0	pretty-ms	8.0.0	false	1	node-llama-cpp	runtime	replace-through-runtime-owner
pretty-ms@9.3.0	pretty-ms	9.3.0	false	1	node-llama-cpp	runtime	replace-through-runtime-owner
proper-lockfile@4.1.2	proper-lockfile	4.1.2	false	1	node-llama-cpp	runtime	replace-through-runtime-owner
proxy-addr@2.0.7	proxy-addr	2.0.7	false	1	@modelcontextprotocol/sdk	runtime	replace-through-runtime-owner
pump@3.0.4	pump	3.0.4	false	1	better-sqlite3	runtime	replace-through-runtime-owner
qs@6.15.0	qs	6.15.0	false	1	@modelcontextprotocol/sdk	runtime	replace-through-runtime-owner
queue-microtask@1.2.3	queue-microtask	1.2.3	false	1	fast-glob	runtime	replace-through-runtime-owner
range-parser@1.2.1	range-parser	1.2.1	false	1	@modelcontextprotocol/sdk	runtime	replace-through-runtime-owner
raw-body@3.0.2	raw-body	3.0.2	false	1	@modelcontextprotocol/sdk	runtime	replace-through-runtime-owner
rc@1.2.8	rc	1.2.8	false	2	better-sqlite3,node-llama-cpp	runtime	replace-through-runtime-owner
readable-stream@3.6.2	readable-stream	3.6.2	false	1	better-sqlite3	runtime	replace-through-runtime-owner
require-directory@2.1.1	require-directory	2.1.1	false	1	node-llama-cpp	runtime	replace-through-runtime-owner
require-from-string@2.0.2	require-from-string	2.0.2	false	1	@modelcontextprotocol/sdk	runtime	replace-through-runtime-owner
resolve-pkg-maps@1.0.0	resolve-pkg-maps	1.0.0	false	2	tsx,vitest	dev	removed-with-js-toolchain
restore-cursor@5.1.0	restore-cursor	5.1.0	false	1	node-llama-cpp	runtime	replace-through-runtime-owner
retry@0.12.0	retry	0.12.0	false	1	node-llama-cpp	runtime	replace-through-runtime-owner
retry@0.13.1	retry	0.13.1	false	1	node-llama-cpp	runtime	replace-through-runtime-owner
reusify@1.1.0	reusify	1.1.0	false	1	fast-glob	runtime	replace-through-runtime-owner
rollup@4.60.1	rollup	4.60.1	false	1	vitest	dev	removed-with-js-toolchain
router@2.2.0	router	2.2.0	false	1	@modelcontextprotocol/sdk	runtime	replace-through-runtime-owner
run-parallel@1.2.0	run-parallel	1.2.0	false	1	fast-glob	runtime	replace-through-runtime-owner
safe-buffer@5.2.1	safe-buffer	5.2.1	false	1	better-sqlite3	runtime	replace-through-runtime-owner
safer-buffer@2.1.2	safer-buffer	2.1.2	false	1	@modelcontextprotocol/sdk	runtime	replace-through-runtime-owner
semver@7.7.4	semver	7.7.4	false	2	better-sqlite3,node-llama-cpp	runtime	replace-through-runtime-owner
send@1.2.1	send	1.2.1	false	1	@modelcontextprotocol/sdk	runtime	replace-through-runtime-owner
serve-static@2.2.1	serve-static	2.2.1	false	1	@modelcontextprotocol/sdk	runtime	replace-through-runtime-owner
setprototypeof@1.2.0	setprototypeof	1.2.0	false	1	@modelcontextprotocol/sdk	runtime	replace-through-runtime-owner
shebang-command@2.0.0	shebang-command	2.0.0	false	2	@modelcontextprotocol/sdk,node-llama-cpp	runtime	replace-through-runtime-owner
shebang-regex@3.0.0	shebang-regex	3.0.0	false	2	@modelcontextprotocol/sdk,node-llama-cpp	runtime	replace-through-runtime-owner
side-channel-list@1.0.0	side-channel-list	1.0.0	false	1	@modelcontextprotocol/sdk	runtime	replace-through-runtime-owner
side-channel-map@1.0.1	side-channel-map	1.0.1	false	1	@modelcontextprotocol/sdk	runtime	replace-through-runtime-owner
side-channel-weakmap@1.0.2	side-channel-weakmap	1.0.2	false	1	@modelcontextprotocol/sdk	runtime	replace-through-runtime-owner
side-channel@1.1.0	side-channel	1.1.0	false	1	@modelcontextprotocol/sdk	runtime	replace-through-runtime-owner
siginfo@2.0.0	siginfo	2.0.0	false	1	vitest	dev	removed-with-js-toolchain
signal-exit@3.0.7	signal-exit	3.0.7	false	1	node-llama-cpp	runtime	replace-through-runtime-owner
signal-exit@4.1.0	signal-exit	4.1.0	false	1	node-llama-cpp	runtime	replace-through-runtime-owner
simple-concat@1.0.1	simple-concat	1.0.1	false	1	better-sqlite3	runtime	replace-through-runtime-owner
simple-get@4.0.1	simple-get	4.0.1	false	1	better-sqlite3	runtime	replace-through-runtime-owner
simple-git@3.33.0	simple-git	3.33.0	false	1	node-llama-cpp	runtime	replace-through-runtime-owner
sleep-promise@9.1.0	sleep-promise	9.1.0	false	1	node-llama-cpp	runtime	replace-through-runtime-owner
slice-ansi@7.1.2	slice-ansi	7.1.2	false	1	node-llama-cpp	runtime	replace-through-runtime-owner
slice-ansi@8.0.0	slice-ansi	8.0.0	false	1	node-llama-cpp	runtime	replace-through-runtime-owner
source-map-js@1.2.1	source-map-js	1.2.1	false	1	vitest	dev	removed-with-js-toolchain
sqlite-vec-darwin-arm64@0.1.9	sqlite-vec-darwin-arm64	0.1.9	true	2	sqlite-vec,sqlite-vec-darwin-arm64	optional,runtime	covered-in-direct-plan
sqlite-vec-darwin-x64@0.1.9	sqlite-vec-darwin-x64	0.1.9	true	2	sqlite-vec,sqlite-vec-darwin-x64	optional,runtime	covered-in-direct-plan
sqlite-vec-linux-arm64@0.1.9	sqlite-vec-linux-arm64	0.1.9	true	2	sqlite-vec,sqlite-vec-linux-arm64	optional,runtime	covered-in-direct-plan
sqlite-vec-linux-x64@0.1.9	sqlite-vec-linux-x64	0.1.9	true	2	sqlite-vec,sqlite-vec-linux-x64	optional,runtime	covered-in-direct-plan
sqlite-vec-windows-x64@0.1.9	sqlite-vec-windows-x64	0.1.9	true	2	sqlite-vec,sqlite-vec-windows-x64	optional,runtime	covered-in-direct-plan
sqlite-vec@0.1.9	sqlite-vec	0.1.9	true	1	sqlite-vec	runtime	covered-in-direct-plan
stackback@0.0.2	stackback	0.0.2	false	1	vitest	dev	removed-with-js-toolchain
statuses@2.0.2	statuses	2.0.2	false	1	@modelcontextprotocol/sdk	runtime	replace-through-runtime-owner
std-env@3.10.0	std-env	3.10.0	false	1	vitest	dev	removed-with-js-toolchain
stdin-discarder@0.3.1	stdin-discarder	0.3.1	false	1	node-llama-cpp	runtime	replace-through-runtime-owner
stdout-update@4.0.1	stdout-update	4.0.1	false	1	node-llama-cpp	runtime	replace-through-runtime-owner
steno@4.0.2	steno	4.0.2	false	1	node-llama-cpp	runtime	replace-through-runtime-owner
string-width@4.2.3	string-width	4.2.3	false	1	node-llama-cpp	runtime	replace-through-runtime-owner
string-width@7.2.0	string-width	7.2.0	false	1	node-llama-cpp	runtime	replace-through-runtime-owner
string-width@8.2.0	string-width	8.2.0	false	1	node-llama-cpp	runtime	replace-through-runtime-owner
string_decoder@1.3.0	string_decoder	1.3.0	false	1	better-sqlite3	runtime	replace-through-runtime-owner
strip-ansi@6.0.1	strip-ansi	6.0.1	false	1	node-llama-cpp	runtime	replace-through-runtime-owner
strip-ansi@7.2.0	strip-ansi	7.2.0	false	1	node-llama-cpp	runtime	replace-through-runtime-owner
strip-json-comments@2.0.1	strip-json-comments	2.0.1	false	2	better-sqlite3,node-llama-cpp	runtime	replace-through-runtime-owner
strip-literal@3.1.0	strip-literal	3.1.0	false	1	vitest	dev	removed-with-js-toolchain
tar-fs@2.1.4	tar-fs	2.1.4	false	1	better-sqlite3	runtime	replace-through-runtime-owner
tar-stream@2.2.0	tar-stream	2.2.0	false	1	better-sqlite3	runtime	replace-through-runtime-owner
tar@7.5.13	tar	7.5.13	false	1	node-llama-cpp	runtime	replace-through-runtime-owner
tinybench@2.9.0	tinybench	2.9.0	false	1	vitest	dev	removed-with-js-toolchain
tinyexec@0.3.2	tinyexec	0.3.2	false	1	vitest	dev	removed-with-js-toolchain
tinyglobby@0.2.15	tinyglobby	0.2.15	false	1	vitest	dev	removed-with-js-toolchain
tinypool@1.1.1	tinypool	1.1.1	false	1	vitest	dev	removed-with-js-toolchain
tinyrainbow@2.0.0	tinyrainbow	2.0.0	false	1	vitest	dev	removed-with-js-toolchain
tinyspy@4.0.4	tinyspy	4.0.4	false	1	vitest	dev	removed-with-js-toolchain
to-regex-range@5.0.1	to-regex-range	5.0.1	false	1	fast-glob	runtime	replace-through-runtime-owner
toidentifier@1.0.1	toidentifier	1.0.1	false	1	@modelcontextprotocol/sdk	runtime	replace-through-runtime-owner
tree-sitter-go@0.25.0	tree-sitter-go	0.25.0	true	1	tree-sitter-go	runtime	covered-in-direct-plan
tree-sitter-javascript@0.23.1	tree-sitter-javascript	0.23.1	false	1	tree-sitter-typescript	runtime	replace-through-runtime-owner
tree-sitter-python@0.25.0	tree-sitter-python	0.25.0	true	1	tree-sitter-python	runtime	covered-in-direct-plan
tree-sitter-rust@0.24.0	tree-sitter-rust	0.24.0	true	1	tree-sitter-rust	runtime	covered-in-direct-plan
tree-sitter-typescript@0.23.2	tree-sitter-typescript	0.23.2	true	1	tree-sitter-typescript	runtime	covered-in-direct-plan
tsx@4.21.0	tsx	4.21.0	true	2	tsx,vitest	dev	covered-in-direct-plan
tunnel-agent@0.6.0	tunnel-agent	0.6.0	false	1	better-sqlite3	runtime	replace-through-runtime-owner
type-is@2.0.1	type-is	2.0.1	false	1	@modelcontextprotocol/sdk	runtime	replace-through-runtime-owner
typescript@5.9.3	typescript	5.9.3	true	2	node-llama-cpp,typescript	runtime	covered-in-direct-plan
undici-types@7.18.2	undici-types	7.18.2	false	2	@types/better-sqlite3,vitest	dev	removed-with-js-toolchain
universalify@2.0.1	universalify	2.0.1	false	1	node-llama-cpp	runtime	replace-through-runtime-owner
unpipe@1.0.0	unpipe	1.0.0	false	1	@modelcontextprotocol/sdk	runtime	replace-through-runtime-owner
url-join@4.0.1	url-join	4.0.1	false	1	node-llama-cpp	runtime	replace-through-runtime-owner
util-deprecate@1.0.2	util-deprecate	1.0.2	false	1	better-sqlite3	runtime	replace-through-runtime-owner
validate-npm-package-name@7.0.2	validate-npm-package-name	7.0.2	false	1	node-llama-cpp	runtime	replace-through-runtime-owner
vary@1.1.2	vary	1.1.2	false	1	@modelcontextprotocol/sdk	runtime	replace-through-runtime-owner
vite-node@3.2.4(@types/node@25.5.2)(tsx@4.21.0)(yaml@2.9.0)	vite-node	3.2.4(@types/node@25.5.2)(tsx@4.21.0)(yaml@2.9.0)	false	1	vitest	dev	removed-with-js-toolchain
vite@7.3.2(@types/node@25.5.2)(tsx@4.21.0)(yaml@2.9.0)	vite	7.3.2(@types/node@25.5.2)(tsx@4.21.0)(yaml@2.9.0)	false	1	vitest	dev	removed-with-js-toolchain
vitest@3.2.4(@types/node@25.5.2)(tsx@4.21.0)(yaml@2.9.0)	vitest	3.2.4(@types/node@25.5.2)(tsx@4.21.0)(yaml@2.9.0)	true	1	vitest	dev	covered-in-direct-plan
web-tree-sitter@0.26.8	web-tree-sitter	0.26.8	true	1	web-tree-sitter	runtime	covered-in-direct-plan
which@2.0.2	which	2.0.2	false	2	@modelcontextprotocol/sdk,node-llama-cpp	runtime	replace-through-runtime-owner
which@6.0.1	which	6.0.1	false	1	node-llama-cpp	runtime	replace-through-runtime-owner
why-is-node-running@2.3.0	why-is-node-running	2.3.0	false	1	vitest	dev	removed-with-js-toolchain
wrap-ansi@7.0.0	wrap-ansi	7.0.0	false	1	node-llama-cpp	runtime	replace-through-runtime-owner
wrappy@1.0.2	wrappy	1.0.2	false	2	@modelcontextprotocol/sdk,better-sqlite3	runtime	replace-through-runtime-owner
y18n@5.0.8	y18n	5.0.8	false	1	node-llama-cpp	runtime	replace-through-runtime-owner
yallist@5.0.0	yallist	5.0.0	false	1	node-llama-cpp	runtime	replace-through-runtime-owner
yaml@2.9.0	yaml	2.9.0	true	2	vitest,yaml	dev,runtime	covered-in-direct-plan
yargs-parser@21.1.1	yargs-parser	21.1.1	false	1	node-llama-cpp	runtime	replace-through-runtime-owner
yargs@17.7.2	yargs	17.7.2	false	1	node-llama-cpp	runtime	replace-through-runtime-owner
yoctocolors@2.1.2	yoctocolors	2.1.2	false	1	node-llama-cpp	runtime	replace-through-runtime-owner
zod-to-json-schema@3.25.2(zod@4.2.1)	zod-to-json-schema	3.25.2(zod@4.2.1)	false	1	@modelcontextprotocol/sdk	runtime	replace-through-runtime-owner
zod@4.2.1	zod	4.2.1	true	2	@modelcontextprotocol/sdk,zod	runtime	covered-in-direct-plan
